{"current_path":"E:\\Development\\moth_ui\\editor\\test_project\\layouts","editor_config":{"CanvasBackgroundColor":{"w":1.0,"x":0.6700000166893005,"y":0.6700000166893005,"z":0.6700000166893005},"CanvasColor":{"w":1.0,"x":1.0,"y":1.0,"z":1.0},"CanvasGridColorMajor":{"w":0.23137255012989044,"x":0.0,"y":0.0,"z":0.0},"CanvasGridColorMinor":{"w":0.08627451211214066,"x":0.0,"y":0.0,"z":0.0},"CanvasGridMajorFactor":8,"CanvasGridSpacing":10,"CanvasOutlineColor":{"w":1.0,"x":0.0,"y":0.0,"z":0.0},"CanvasSize":{"x":640,"y":480},"PreviewImageSliceColor":{"w":1.0,"x":0.0,"y":0.27000001072883606,"z":0.4699999988079071},"PreviewSourceRectColor":{"w":1.0,"x":1.0,"y":1.0,"z":0.0},"SelectionColor":{"w":1.0,"x":0.0,"y":0.0,"z":1.0},"SelectionSliceColor":{"w":1.0,"x":0.0,"y":0.27000001072883606,"z":0.4699999988079071}},"window_height":1189,"window_width":1912}